{"cameraMode":{"drawMode":0,"name":"Shaded","section":"Shading Mode"},"sceneLighting":false,"audioPlay":false,"sceneViewState":{"m_AlwaysRefresh":false,"showFog":true,"showSkybox":false,"showFlares":true,"showImageEffects":true,"showParticleSystems":true,"showVisualEffectGraphs":true,"m_FxEnabled":true},"in2DMode":false,"pivot":{"x":-0.00031788647174835205,"y":0.009936660528182984,"z":0.07276639342308045},"rotation":{"x":-0.08327367901802063,"y":0.8939389586448669,"z":-0.18662363290786744,"w":-0.398886114358902},"size":0.43428581953048708,"orthographic":false}