{
    "name": "root",
    "gauges": {
        "ArcadeDriver.Policy.Entropy.mean": {
            "value": 1.0617326498031616,
            "min": 0.9985628128051758,
            "max": 1.6510436534881592,
            "count": 240
        },
        "ArcadeDriver.Policy.Entropy.sum": {
            "value": 1070.2265625,
            "min": 902.7008056640625,
            "max": 1867.646728515625,
            "count": 240
        },
        "ArcadeDriver.Environment.EpisodeLength.mean": {
            "value": 176.71428571428572,
            "min": 34.30769230769231,
            "max": 369.0,
            "count": 240
        },
        "ArcadeDriver.Environment.EpisodeLength.sum": {
            "value": 1237.0,
            "min": 103.0,
            "max": 1810.0,
            "count": 240
        },
        "ArcadeDriver.Step.mean": {
            "value": 239970.0,
            "min": 937.0,
            "max": 239970.0,
            "count": 240
        },
        "ArcadeDriver.Step.sum": {
            "value": 239970.0,
            "min": 937.0,
            "max": 239970.0,
            "count": 240
        },
        "ArcadeDriver.Policy.ExtrinsicValueEstimate.mean": {
            "value": 115.52947998046875,
            "min": -185.9774169921875,
            "max": 117.83174896240234,
            "count": 240
        },
        "ArcadeDriver.Policy.ExtrinsicValueEstimate.sum": {
            "value": 2426.119140625,
            "min": -4463.4580078125,
            "max": 2544.404541015625,
            "count": 240
        },
        "ArcadeDriver.Environment.CumulativeReward.mean": {
            "value": 291.0334692001343,
            "min": -5.458305305242538,
            "max": 592.2853412628174,
            "count": 240
        },
        "ArcadeDriver.Environment.CumulativeReward.sum": {
            "value": 2037.23428440094,
            "min": -27.291526526212692,
            "max": 2727.456458091736,
            "count": 240
        },
        "ArcadeDriver.Policy.ExtrinsicReward.mean": {
            "value": 291.0334692001343,
            "min": -5.458305305242538,
            "max": 592.2853412628174,
            "count": 240
        },
        "ArcadeDriver.Policy.ExtrinsicReward.sum": {
            "value": 2037.23428440094,
            "min": -27.291526526212692,
            "max": 2727.456458091736,
            "count": 240
        },
        "ArcadeDriver.IsTraining.mean": {
            "value": 1.0,
            "min": 1.0,
            "max": 1.0,
            "count": 240
        },
        "ArcadeDriver.IsTraining.sum": {
            "value": 1.0,
            "min": 1.0,
            "max": 1.0,
            "count": 240
        },
        "ArcadeDriver.Losses.PolicyLoss.mean": {
            "value": 0.031620094566217935,
            "min": 0.027261838996006798,
            "max": 0.03927034239750356,
            "count": 23
        },
        "ArcadeDriver.Losses.PolicyLoss.sum": {
            "value": 0.031620094566217935,
            "min": 0.027261838996006798,
            "max": 0.03927034239750356,
            "count": 23
        },
        "ArcadeDriver.Losses.ValueLoss.mean": {
            "value": 211.42488021850585,
            "min": 14.937504227956136,
            "max": 948.839632542928,
            "count": 23
        },
        "ArcadeDriver.Losses.ValueLoss.sum": {
            "value": 211.42488021850585,
            "min": 14.937504227956136,
            "max": 948.839632542928,
            "count": 23
        },
        "ArcadeDriver.Policy.LearningRate.mean": {
            "value": 0.00019999905423647284,
            "min": 0.00019999905423647284,
            "max": 0.00019999995884002059,
            "count": 23
        },
        "ArcadeDriver.Policy.LearningRate.sum": {
            "value": 0.00019999905423647284,
            "min": 0.00019999905423647284,
            "max": 0.00019999995884002059,
            "count": 23
        },
        "ArcadeDriver.Policy.Epsilon.mean": {
            "value": 0.19999952711800004,
            "min": 0.19999952711800004,
            "max": 0.19999997941999995,
            "count": 23
        },
        "ArcadeDriver.Policy.Epsilon.sum": {
            "value": 0.19999952711800004,
            "min": 0.19999952711800004,
            "max": 0.19999997941999995,
            "count": 23
        },
        "ArcadeDriver.Policy.Beta.mean": {
            "value": 0.004999976403188202,
            "min": 0.004999976403188202,
            "max": 0.004999998973057998,
            "count": 23
        },
        "ArcadeDriver.Policy.Beta.sum": {
            "value": 0.004999976403188202,
            "min": 0.004999976403188202,
            "max": 0.004999998973057998,
            "count": 23
        }
    },
    "metadata": {
        "timer_format_version": "0.1.0",
        "start_time_seconds": "1621007886",
        "python_version": "3.9.5 (tags/v3.9.5:0a7dcbd, May  3 2021, 17:27:52) [MSC v.1928 64 bit (AMD64)]",
        "command_line_arguments": "D:\\Proyectos Unity\\Trabajo SCBIO\\Kart_Unity\\KartSCBIO\\venv\\Scripts\\mlagents-learn Assets\\Karting\\Prefabs\\AI\\kart_mg_trainer_config.yaml --train --run-id=circutioA-14",
        "mlagents_version": "0.26.0",
        "mlagents_envs_version": "0.26.0",
        "communication_protocol_version": "1.5.0",
        "pytorch_version": "1.8.1+cpu",
        "numpy_version": "1.20.3",
        "end_time_seconds": "1621009240"
    },
    "total": 1354.2549557999998,
    "count": 1,
    "self": 0.012309799999911775,
    "children": {
        "run_training.setup": {
            "total": 0.19512190000000018,
            "count": 1,
            "self": 0.19512190000000018
        },
        "TrainerController.start_learning": {
            "total": 1354.0475241,
            "count": 1,
            "self": 0.8601666999761619,
            "children": {
                "TrainerController._reset_env": {
                    "total": 8.2882617,
                    "count": 1,
                    "self": 8.2882617
                },
                "TrainerController.advance": {
                    "total": 1344.6201928000237,
                    "count": 32146,
                    "self": 0.8512094000291199,
                    "children": {
                        "env_step": {
                            "total": 1257.7011551999947,
                            "count": 32146,
                            "self": 1206.2853097999894,
                            "children": {
                                "SubprocessEnvManager._take_step": {
                                    "total": 50.84202019999327,
                                    "count": 32146,
                                    "self": 2.1377204999897828,
                                    "children": {
                                        "TorchPolicy.evaluate": {
                                            "total": 48.70429970000349,
                                            "count": 30124,
                                            "self": 10.118280299997686,
                                            "children": {
                                                "TorchPolicy.sample_actions": {
                                                    "total": 38.5860194000058,
                                                    "count": 30124,
                                                    "self": 38.5860194000058
                                                }
                                            }
                                        }
                                    }
                                },
                                "workers": {
                                    "total": 0.5738252000120436,
                                    "count": 32145,
                                    "self": 0.0,