{"cameraMode":{"drawMode":0,"name":"Shaded","section":"Shading Mode"},"sceneLighting":false,"audioPlay":false,"sceneViewState":{"m_AlwaysRefresh":false,"showFog":true,"showSkybox":false,"showFlares":true,"showImageEffects":true,"showParticleSystems":true,"showVisualEffectGraphs":true,"m_FxEnabled":true},"in2DMode":false,"pivot":{"x":14.372560501098633,"y":0.4925808608531952,"z":5.186842441558838},"rotation":{"x":-0.17185735702514649,"y":-0.5470405220985413,"z":0.11591719090938568,"w":-0.8110376596450806},"size":1.1853269338607789,"orthographic":false}