{
    "name": "root",
    "gauges": {
        "ArcadeDriver.Policy.Entropy.mean": {
            "value": 0.6176123023033142,
            "min": 0.5840558409690857,
            "max": 1.758847951889038,
            "count": 419
        },
        "ArcadeDriver.Policy.Entropy.sum": {
            "value": 622.55322265625,
            "min": 529.95556640625,
            "max": 2197.77880859375,
            "count": 419
        },
        "ArcadeDriver.Environment.EpisodeLength.mean": {
            "value": 199.0,
            "min": 48.333333333333336,
            "max": 332.3333333333333,
            "count": 419
        },
        "ArcadeDriver.Environment.EpisodeLength.sum": {
            "value": 1194.0,
            "min": 275.0,
            "max": 1994.0,
            "count": 419
        },
        "ArcadeDriver.Step.mean": {
            "value": 418945.0,
            "min": 980.0,
            "max": 418945.0,
            "count": 419
        },
        "ArcadeDriver.Step.sum": {
            "value": 418945.0,
            "min": 980.0,
            "max": 418945.0,
            "count": 419
        },
        "ArcadeDriver.Policy.ExtrinsicValueEstimate.mean": {
            "value": 32.82207107543945,
            "min": 1.7133924961090088,
            "max": 33.22823715209961,
            "count": 419
        },
        "ArcadeDriver.Policy.ExtrinsicValueEstimate.sum": {
            "value": 689.2634887695312,
            "min": 35.98124313354492,
            "max": 731.0211791992188,
            "count": 419
        },
        "ArcadeDriver.Environment.CumulativeReward.mean": {
            "value": 75.25013681252797,
            "min": 0.018669801599839154,
            "max": 92.64510989189148,
            "count": 419
        },
        "ArcadeDriver.Environment.CumulativeReward.sum": {
            "value": 451.50082087516785,
            "min": 0.3173866271972656,
            "max": 617.9249492883682,
            "count": 419
        },
        "ArcadeDriver.Policy.ExtrinsicReward.mean": {
            "value": 75.25013681252797,
            "min": 0.018669801599839154,
            "max": 92.64510989189148,
            "count": 419
        },
        "ArcadeDriver.Policy.ExtrinsicReward.sum": {
            "value": 451.50082087516785,
            "min": 0.3173866271972656,
            "max": 617.9249492883682,
            "count": 419
        },
        "ArcadeDriver.IsTraining.mean": {
            "value": 1.0,
            "min": 1.0,
            "max": 1.0,
            "count": 419
        },
        "ArcadeDriver.IsTraining.sum": {
            "value": 1.0,
            "min": 1.0,
            "max": 1.0,
            "count": 419
        },
        "ArcadeDriver.Losses.PolicyLoss.mean": {
            "value": 0.035535909406219916,
            "min": 0.029251431797941527,
            "max": 0.043273430604798095,
            "count": 40
        },
        "ArcadeDriver.Losses.PolicyLoss.sum": {
            "value": 0.035535909406219916,
            "min": 0.029251431797941527,
            "max": 0.043273430604798095,
            "count": 40
        },
        "ArcadeDriver.Losses.ValueLoss.mean": {
            "value": 7.338248205184937,
            "min": 1.3966833810011545,
            "max": 16.00393115679423,
            "count": 40
        },
        "ArcadeDriver.Losses.ValueLoss.sum": {
            "value": 7.338248205184937,
            "min": 1.3966833810011545,
            "max": 16.00393115679423,
            "count": 40
        },
        "ArcadeDriver.Policy.LearningRate.mean": {
            "value": 0.00019999835642082176,
            "min": 0.00019999835642082176,
            "max": 0.0001999999589520206,
            "count": 40
        },
        "ArcadeDriver.Policy.LearningRate.sum": {
            "value": 0.00019999835642082176,
            "min": 0.00019999835642082176,
            "max": 0.0001999999589520206,
            "count": 40
        },
        "ArcadeDriver.Policy.Epsilon.mean": {
            "value": 0.19999917821,
            "min": 0.19999917821,
            "max": 0.19999997947600007,
            "count": 40
        },
        "ArcadeDriver.Policy.Epsilon.sum": {
            "value": 0.19999917821,
            "min": 0.19999917821,
            "max": 0.19999997947600007,
            "count": 40
        },
        "ArcadeDriver.Policy.Beta.mean": {
            "value": 0.004999958992679001,
            "min": 0.004999958992679001,
            "max": 0.004999998975852401,
            "count": 40
        },
        "ArcadeDriver.Policy.Beta.sum": {
            "value": 0.004999958992679001,
            "min": 0.004999958992679001,
            "max": 0.004999998975852401,
            "count": 40
        }
    },
    "metadata": {
        "timer_format_version": "0.1.0",
        "start_time_seconds": "1620995343",
        "python_version": "3.9.5 (tags/v3.9.5:0a7dcbd, May  3 2021, 17:27:52) [MSC v.1928 64 bit (AMD64)]",
        "command_line_arguments": "D:\\Proyectos Unity\\Trabajo SCBIO\\Kart_Unity\\KartSCBIO\\venv\\Scripts\\mlagents-learn Assets\\Karting\\Prefabs\\AI\\kart_mg_trainer_config.yaml --train --run-id=circutioA-10",
        "mlagents_version": "0.26.0",
        "mlagents_envs_version": "0.26.0",
        "communication_protocol_version": "1.5.0",
        "pytorch_version": "1.8.1+cpu",
        "numpy_version": "1.20.3",
        "end_time_seconds": "1620997463"
    },
    "total": 2120.2417826,
    "count": 1,
    "self": 0.020769100000052276,
    "children": {
        "run_training.setup": {
            "total": 0.16825010000000007,
            "count": 1,
            "self": 0.16825010000000007
        },
        "TrainerController.start_learning": {
            "total": 2120.0527634,
            "count": 1,
            "self": 1.4978067999827545,
            "children": {
                "TrainerController._reset_env": {
                    "total": 27.2797716,
                    "count": 1,
                    "self": 27.2797716
                },
                "TrainerController.advance": {
                    "total": 2091.073922800017,
                    "count": 55196,
                    "self": 1.4412971000497237,
                    "children": {
                        "env_step": {
                            "total": 1947.7020366999584,
                            "count": 55196,
                            "self": 1861.929092499952,
                            "children": {
                                "SubprocessEnvManager._take_step": {
                                    "total": 84.81380070000804,
                                    "count": 55196,
                                    "self": 3.516031800019448,
                                    "children": {
                                        "TorchPolicy.evaluate": {
                                            "total": 81.2977688999886,
                                            "count": 52531,
                                            "self": 16.795239900003963,
                                            "children": {
                                                "TorchPolicy.sample_actions": {
                                                    "total": 64.50252899998463,
                                                    "count": 52531,
                                                    "self": 64.50252899998463
                                                }
                                            }
                                        }
                                    }
                                },
                                "workers": {
                                    "total": 0.9591434999983477,
                                    "count": 55195,
                                    "self": 0.0,
                                    "children": {
                                        "worker_root": {
                                            "total": 2090.450984900014,