{"cameraMode":{"drawMode":0,"name":"Shaded","section":"Shading Mode"},"sceneLighting":false,"audioPlay":false,"sceneViewState":{"m_AlwaysRefresh":false,"showFog":true,"showSkybox":false,"showFlares":true,"showImageEffects":true,"showParticleSystems":true,"showVisualEffectGraphs":true,"m_FxEnabled":true},"in2DMode":false,"pivot":{"x":14.332120895385743,"y":1.6124324798583985,"z":4.940239429473877},"rotation":{"x":0.16510199010372163,"y":-0.1561022251844406,"z":0.026474792510271074,"w":0.973486602306366},"size":0.9158270955085754,"orthographic":false}