{
    "name": "root",
    "gauges": {
        "ArcadeDriver.Policy.Entropy.mean": {
            "value": 1.927232265472412,
            "min": 1.927232265472412,
            "max": 2.038801431655884,
            "count": 48
        },
        "ArcadeDriver.Policy.Entropy.sum": {
            "value": 1959.9952392578125,
            "min": 1726.8177490234375,
            "max": 2301.191650390625,
            "count": 48
        },
        "ArcadeDriver.Environment.EpisodeLength.mean": {
            "value": 432.5,
            "min": 39.666666666666664,
            "max": 999.0,
            "count": 37
        },
        "ArcadeDriver.Environment.EpisodeLength.sum": {
            "value": 865.0,
            "min": 79.0,
            "max": 4029.0,
            "count": 37
        },
        "ArcadeDriver.Step.mean": {
            "value": 47944.0,
            "min": 936.0,
            "max": 47944.0,
            "count": 48
        },
        "ArcadeDriver.Step.sum": {
            "value": 47944.0,
            "min": 936.0,
            "max": 47944.0,
            "count": 48
        },
        "ArcadeDriver.Policy.ExtrinsicValueEstimate.mean": {
            "value": 10.845354080200195,
            "min": 6.676525592803955,
            "max": 16.73391342163086,
            "count": 48
        },
        "ArcadeDriver.Policy.ExtrinsicValueEstimate.sum": {
            "value": 162.68031311035156,
            "min": 162.68031311035156,
            "max": 312.9403991699219,
            "count": 48
        },
        "ArcadeDriver.Environment.CumulativeReward.mean": {
            "value": 20.847097873687744,
            "min": -6.932590842247009,
            "max": 126.63600816391408,
            "count": 38
        },
        "ArcadeDriver.Environment.CumulativeReward.sum": {
            "value": 20.847097873687744,
            "min": -45.44957286119461,
            "max": 1013.0880653113127,
            "count": 38
        },
        "ArcadeDriver.Policy.ExtrinsicReward.mean": {
            "value": 20.847097873687744,
            "min": -6.932590842247009,
            "max": 126.63600816391408,
            "count": 38
        },
        "ArcadeDriver.Policy.ExtrinsicReward.sum": {
            "value": 20.847097873687744,
            "min": -45.44957286119461,
            "max": 1013.0880653113127,
            "count": 38
        },
        "ArcadeDriver.IsTraining.mean": {
            "value": 1.0,
            "min": 1.0,
            "max": 1.0,
            "count": 48
        },
        "ArcadeDriver.IsTraining.sum": {
            "value": 1.0,
            "min": 1.0,
            "max": 1.0,
            "count": 48
        },
        "ArcadeDriver.Losses.PolicyLoss.mean": {
            "value": 0.03050342439673841,
            "min": 0.03050342439673841,
            "max": 0.041149347694590686,
            "count": 4
        },
        "ArcadeDriver.Losses.PolicyLoss.sum": {
            "value": 0.03050342439673841,
            "min": 0.03050342439673841,
            "max": 0.041149347694590686,
            "count": 4
        },
        "ArcadeDriver.Losses.ValueLoss.mean": {
            "value": 1.2027505815029145,
            "min": 1.2027505815029145,
            "max": 15.216498708724975,
            "count": 4
        },
        "ArcadeDriver.Losses.ValueLoss.sum": {
            "value": 1.2027505815029145,
            "min": 1.2027505815029145,
            "max": 15.216498708724975,
            "count": 4
        },
        "ArcadeDriver.Policy.LearningRate.mean": {
            "value": 0.00019999983535208234,
            "min": 0.00019999983535208234,
            "max": 0.00019999995892002058,
            "count": 4
        },
        "ArcadeDriver.Policy.LearningRate.sum": {
            "value": 0.00019999983535208234,
            "min": 0.00019999983535208234,
            "max": 0.00019999995892002058,
            "count": 4
        },
        "ArcadeDriver.Policy.Epsilon.mean": {
            "value": 0.19999991767599995,
            "min": 0.19999991767599995,
            "max": 0.19999997945999995,
            "count": 4
        },
        "ArcadeDriver.Policy.Epsilon.sum": {
            "value": 0.19999991767599995,
            "min": 0.19999991767599995,
            "max": 0.19999997945999995,
            "count": 4
        },
        "ArcadeDriver.Policy.Beta.mean": {
            "value": 0.004999995892032402,
            "min": 0.004999995892032402,
            "max": 0.004999998975054,
            "count": 4
        },
        "ArcadeDriver.Policy.Beta.sum": {
            "value": 0.004999995892032402,
            "min": 0.004999995892032402,
            "max": 0.004999998975054,
            "count": 4
        }
    },
    "metadata": {
        "timer_format_version": "0.1.0",
        "start_time_seconds": "1620846643",
        "python_version": "3.9.5 (tags/v3.9.5:0a7dcbd, May  3 2021, 17:27:52) [MSC v.1928 64 bit (AMD64)]",
        "command_line_arguments": "D:\\Proyectos Unity\\Trabajo SCBIO\\Kart_Unity\\KartSCBIO\\venv\\Scripts\\mlagents-learn Assets\\Karting\\Prefabs\\AI\\kart_mg_trainer_config.yaml --train --run-id=custom-track-1",
        "mlagents_version": "0.26.0",
        "mlagents_envs_version": "0.26.0",
        "communication_protocol_version": "1.5.0",
        "pytorch_version": "1.8.1+cpu",
        "numpy_version": "1.20.3",
        "end_time_seconds": "1620846897"
    },
    "total": 253.7299952,
    "count": 1,
    "self": 0.020669700000013336,
    "children": {
        "run_training.setup": {
            "total": 0.16155410000000003,
            "count": 1,
            "self": 0.16155410000000003
        },
        "TrainerController.start_learning": {
            "total": 253.5477714,
            "count": 1,
            "self": 0.18186730000059015,
            "children": {
                "TrainerController._reset_env": {
                    "total": 14.9623646,
                    "count": 1,
                    "self": 14.9623646
                },
                "TrainerController.advance": {
                    "total": 238.08520589999938,
                    "count": 5545,
                    "self": 0.18173919999713917,
                    "children": {
                        "env_step": {
                            "total": 219.99150390000133,
                            "count": 5545,
                            "self": 208.81779540000161,
                            "children": {
                                "SubprocessEnvManager._take_step": {
                                    "total": 11.06050860000082,
                                    "count": 5545,
                                    "self": 0.4940052000002275,
                                    "children": {
                                        "TorchPolicy.evaluate": {
                                            "total": 10.566503400000592,
                                            "count": 5404,
                                            "self": 2.1619155000000063,
                                            "children": {
                                                "TorchPolicy.sample_actions": {
                                                    "total": 8.404587900000585,
                                                    "count": 5404,
                                                    "self": 8.404587900000585
                                                }
                                            }
                                        }
                                    }
                                },
                                "workers": {
                                    "total": 0.11319989999890723,
                                    "count": 5544,
                                    "self": 0.0,
                                    "children": {
                                        "worker_root": {
                                            "total": 237.87067870000044,