{"cameraMode":{"drawMode":0,"name":"Shaded","section":"Shading Mode"},"sceneLighting":false,"audioPlay":false,"sceneViewState":{"m_AlwaysRefresh":false,"showFog":true,"showSkybox":false,"showFlares":true,"showImageEffects":true,"showParticleSystems":true,"showVisualEffectGraphs":true,"m_FxEnabled":true},"in2DMode":false,"pivot":{"x":13.906486511230469,"y":1.7977548837661744,"z":1.458348035812378},"rotation":{"x":0.12700936198234559,"y":0.12611159682273866,"z":-0.01627473719418049,"w":0.9837347865104675},"size":1.2671213150024415,"orthographic":false}